{
  "type": "spelunkery:block_stripe",
  "config": {
    "first_target": "#spelunkery:stone_target",
    "first_target_placer": [
      {
        "primary_stone_type": {
          "type": "minecraft:simple_state_provider",
          "state": {
            "Name": "minecraft:stone"
          }
        },
        "secondary_stone_type": {
          "type": "minecraft:simple_state_provider",
          "state": {
            "Name": "minecraft:granite"
          }
        },
        "stone_pattern": {
          "noise_seed": 88,
          "primary_min": -0.4,
          "primary_max": 0,
          "secondary_min": 0,
          "secondary_max": 0.4,
          "vertical_scale": 0.4
        }
      },
      {
        "primary_stone_type": {
          "type": "minecraft:simple_state_provider",
          "state": {
            "Name": "minecraft:stone"
          }
        },
        "secondary_stone_type": {
          "type": "minecraft:simple_state_provider",
          "state": {
            "Name": "minecraft:diorite"
          }
        },
        "stone_pattern": {
          "noise_seed": 88,
          "primary_min": -0.4,
          "primary_max": 0,
          "secondary_min": 0,
          "secondary_max": 0.4,
          "vertical_scale": 0.4
        }
      },
      {
        "primary_stone_type": {
          "type": "minecraft:simple_state_provider",
          "state": {
            "Name": "minecraft:stone"
          }
        },
        "secondary_stone_type": {
          "type": "minecraft:simple_state_provider",
          "state": {
            "Name": "minecraft:andesite"
          }
        },
        "stone_pattern": {
          "noise_seed": 88,
          "primary_min": -0.4,
          "primary_max": 0,
          "secondary_min": 0,
          "secondary_max": 0.4,
          "vertical_scale": 0.4
        }
      },
      {
        "primary_stone_type": {
          "type": "minecraft:simple_state_provider",
          "state": {
            "Name": "minecraft:stone"
          }
        },
        "secondary_stone_type": {
          "type": "minecraft:simple_state_provider",
          "state": {
            "Name": "create:limestone"
          }
        },
        "stone_pattern": {
          "noise_seed": 88,
          "primary_min": -0.4,
          "primary_max": 0,
          "secondary_min": 0,
          "secondary_max": 0.4,
          "vertical_scale": 0.4
        }
      },
      {
        "primary_stone_type": {
          "type": "minecraft:simple_state_provider",
          "state": {
            "Name": "minecraft:stone"
          }
        },
        "secondary_stone_type": {
          "type": "minecraft:simple_state_provider",
          "state": {
            "Name": "minecraft:granite"
          }
        },
        "stone_pattern": {
          "noise_seed": 88,
          "primary_min": -0.4,
          "primary_max": 0,
          "secondary_min": 0,
          "secondary_max": 0.4,
          "vertical_scale": 0.4
        }
      },
      {
        "primary_stone_type": {
          "type": "minecraft:simple_state_provider",
          "state": {
            "Name": "minecraft:stone"
          }
        },
        "secondary_stone_type": {
          "type": "minecraft:simple_state_provider",
          "state": {
            "Name": "minecraft:diorite"
          }
        },
        "stone_pattern": {
          "noise_seed": 88,
          "primary_min": -0.4,
          "primary_max": 0,
          "secondary_min": 0,
          "secondary_max": 0.4,
          "vertical_scale": 0.4
        }
      },
      {
        "primary_stone_type": {
          "type": "minecraft:simple_state_provider",
          "state": {
            "Name": "minecraft:stone"
          }
        },
        "secondary_stone_type": {
          "type": "minecraft:simple_state_provider",
          "state": {
            "Name": "minecraft:andesite"
          }
        },
        "stone_pattern": {
          "noise_seed": 88,
          "primary_min": -0.4,
          "primary_max": 0,
          "secondary_min": 0,
          "secondary_max": 0.4,
          "vertical_scale": 0.4
        }
      },
      {
        "primary_stone_type": {
          "type": "minecraft:simple_state_provider",
          "state": {
            "Name": "minecraft:stone"
          }
        },
        "secondary_stone_type": {
          "type": "minecraft:simple_state_provider",
          "state": {
            "Name": "create:limestone"
          }
        },
        "stone_pattern": {
          "noise_seed": 88,
          "primary_min": -0.4,
          "primary_max": 0,
          "secondary_min": 0,
          "secondary_max": 0.4,
          "vertical_scale": 0.4
        }
      }
    ],
    "use_second_target": true,
    "second_target": "#spelunkery:deepslate_target",
    "second_target_placer": [
      {
        "primary_stone_type": {
          "type": "minecraft:weighted_state_provider",
          "entries": [
            {
              "weight": 10,
              "data": {
                "Name": "minecraft:deepslate",
                "Properties": {
                  "axis": "y"
                }
              }
            },
            {
              "weight": 1,
              "data": {
                "Name": "create:tuff"
              }
            }
          ]
        },
        "secondary_stone_type": {
          "type": "minecraft:simple_state_provider",
          "state": {
            "Name": "minecraft:tuff"
          }
        },
        "stone_pattern": {
          "noise_seed": 88,
          "primary_min": -0.4,
          "primary_max": 0,
          "secondary_min": 0,
          "secondary_max": 0.4,
          "vertical_scale": 0.4
        }
      },
      {
        "primary_stone_type": {
          "type": "minecraft:weighted_state_provider",
          "entries": [
            {
              "weight": 10,
              "data": {
                "Name": "minecraft:deepslate",
                "Properties": {
                  "axis": "y"
                }
              }
            },
            {
              "weight": 1,
              "data": {
                "Name": "create:smooth_basalt"
              }
            }
          ]
        },
        "secondary_stone_type": {
          "type": "minecraft:simple_state_provider",
          "state": {
            "Name": "minecraft:smooth_basalt"
          }
        },
        "stone_pattern": {
          "noise_seed": 88,
          "primary_min": -0.4,
          "primary_max": 0,
          "secondary_min": 0,
          "secondary_max": 0.4,
          "vertical_scale": 0.4
        }
      },
      {
        "primary_stone_type": {
          "type": "minecraft:weighted_state_provider",
          "entries": [
            {
              "weight": 10,
              "data": {
                "Name": "minecraft:deepslate",
                "Properties": {
                  "axis": "y"
                }
              }
            },
            {
              "weight": 1,
              "data": {
                "Name": "create:tuff"
              }
            }
          ]
        },
        "secondary_stone_type": {
          "type": "minecraft:simple_state_provider",
          "state": {
            "Name": "minecraft:tuff"
          }
        },
        "stone_pattern": {
          "noise_seed": 88,
          "primary_min": -0.4,
          "primary_max": 0,
          "secondary_min": 0,
          "secondary_max": 0.4,
          "vertical_scale": 0.4
        }
      },
      {
        "primary_stone_type": {
          "type": "minecraft:weighted_state_provider",
          "entries": [
            {
              "weight": 10,
              "data": {
                "Name": "minecraft:deepslate",
                "Properties": {
                  "axis": "y"
                }
              }
            },
            {
              "weight": 1,
              "data": {
                "Name": "create:asurine"
              }
            }
          ]
        },
        "secondary_stone_type": {
          "type": "minecraft:simple_state_provider",
          "state": {
            "Name": "create:asurine"
          }
        },
        "stone_pattern": {
          "noise_seed": 88,
          "primary_min": -0.4,
          "primary_max": 0,
          "secondary_min": 0,
          "secondary_max": 0.4,
          "vertical_scale": 0.4
        }
      },
      {
        "primary_stone_type": {
          "type": "minecraft:weighted_state_provider",
          "entries": [
            {
              "weight": 10,
              "data": {
                "Name": "minecraft:deepslate",
                "Properties": {
                  "axis": "y"
                }
              }
            },
            {
              "weight": 1,
              "data": {
                "Name": "create:ochrum"
              }
            }
          ]
        },
        "secondary_stone_type": {
          "type": "minecraft:simple_state_provider",
          "state": {
            "Name": "create:ochrum"
          }
        },
        "stone_pattern": {
          "noise_seed": 88,
          "primary_min": -0.4,
          "primary_max": 0,
          "secondary_min": 0,
          "secondary_max": 0.4,
          "vertical_scale": 0.4
        }
      },
      {
        "primary_stone_type": {
          "type": "minecraft:weighted_state_provider",
          "entries": [
            {
              "weight": 10,
              "data": {
                "Name": "minecraft:deepslate",
                "Properties": {
                  "axis": "y"
                }
              }
            },
            {
              "weight": 1,
              "data": {
                "Name": "create:crimsite"
              }
            }
          ]
        },
        "secondary_stone_type": {
          "type": "minecraft:simple_state_provider",
          "state": {
            "Name": "create:crimsite"
          }
        },
        "stone_pattern": {
          "noise_seed": 88,
          "primary_min": -0.4,
          "primary_max": 0,
          "secondary_min": 0,
          "secondary_max": 0.4,
          "vertical_scale": 0.4
        }
      },
      {
        "primary_stone_type": {
          "type": "minecraft:weighted_state_provider",
          "entries": [
            {
              "weight": 10,
              "data": {
                "Name": "minecraft:deepslate",
                "Properties": {
                  "axis": "y"
                }
              }
            },
            {
              "weight": 1,
              "data": {
                "Name": "create:veridium"
              }
            }
          ]
        },
        "secondary_stone_type": {
          "type": "minecraft:simple_state_provider",
          "state": {
            "Name": "create:veridium"
          }
        },
        "stone_pattern": {
          "noise_seed": 88,
          "primary_min": -0.4,
          "primary_max": 0,
          "secondary_min": 0,
          "secondary_max": 0.4,
          "vertical_scale": 0.4
        }
      },
      {
        "primary_stone_type": {
          "type": "minecraft:weighted_state_provider",
          "entries": [
            {
              "weight": 10,
              "data": {
                "Name": "minecraft:deepslate",
                "Properties": {
                  "axis": "y"
                }
              }
            },
            {
              "weight": 1,
              "data": {
                "Name": "create:scoria"
              }
            }
          ]
        },
        "secondary_stone_type": {
          "type": "minecraft:simple_state_provider",
          "state": {
            "Name": "create:scoria"
          }
        },
        "stone_pattern": {
          "noise_seed": 88,
          "primary_min": -0.4,
          "primary_max": 0,
          "secondary_min": 0,
          "secondary_max": 0.4,
          "vertical_scale": 0.4
        }
      }
    ],
    "use_biome_filter": true,
    "biomes": "#spelunkery:has_stone_noise",
    "blank_patch_chance": 0.25,
    "use_height_filter": false,
    "surface_offset": 25,
    "bottom_offset": 0
  }
}