{
  "type": "lychee:block_interacting",
  "block_in": {
    "tag": "create_tweaks:narrow_tracks"
  },
  "contextual": [
  {
    "type": "not",
    "contextual": {
      "type": "is_sneaking"
    }
  }
  ],
  "post": [
      {
          "type": "execute",
          "command": "playsound create:wrench_remove_compounded_1 block @a ~ ~ ~"
      },
      {
          "type": "prevent_default"
      },
      {
        "type": "place",
        "block": "railways:track_dark_oak_narrow"
      }
  ],
  "item_in": {
    "item": "minecraft:dark_oak_planks"
  }
}
