{
  "type": "lychee:block_interacting",
  "block_in": {
    "blocks": [
      "extendedgears:half_shaft_cogwheel"
    ],
    "state": {
      "axis_direction": "true",
        "axis": "z"
    }
},
"contextual": [
    {
      "type": "and",
      "contextual": [
        {
          "type": "direction",
          "direction": "south"
        },
        {
          "type": "not",
          "contextual": {
            "type": "is_sneaking"
          }
        }
      ]
    }
  ],
  "post": [
    {
        "type": "execute",
        "command": "playsound create:wrench_remove_compounded_1 block @a ~ ~ ~"
    },
    {
        "type": "prevent_default"
    },
    {
      "type": "place",
      "block": {
        "blocks": [
            "extendedgears:shaftless_cogwheel"
        ],
        "state": {
          "axis": "z"
        }
      }
    }
  ],
  "item_in": {
    "item": "create:wrench"
  }
}
