{
  "type": "minecraft:crafting_shapeless",
  "category": "misc",
  "ingredients": [
    {
      "tag": "c:crops/tomato"
    },
    {
      "tag": "c:crops/onion"
    },
    [
      {
        "tag": "c:cooked_beef"
      },
      {
        "tag": "c:cooked_pork"
      },
      {
        "tag": "c:cooked_chicken"
      },
      {
        "tag": "c:cooked_mutton"
      },
      {
        "tag": "c:cooked_fishes"
      },
      {
        "item": "minecraft:cooked_rabbit"
      },
      {
        "item": "spelunkery:grilled_portabella"
      }
    ],
    {
      "item": "minecraft:stick"
    }
  ],
  "result": {
    "item": "farmersdelight:barbecue_stick"
  }
}