{
  "conditions": [
    {
      "modid": "create",
      "type": "forge:mod_loaded"
    }
  ],
  "type": "minecraft:block",
  "pools": [
    {
    "rolls": 1,
    "bonus_rolls": 0,
    "entries": [
      {
        "type": "minecraft:alternatives",
        "children": [
          {
            "type": "minecraft:item",
            "name": "minecraft:air",
            "conditions": [
              {
                "condition": "minecraft:match_tool",
                "predicate": {
                  "enchantments": [
                    {
                      "enchantment": "minecraft:silk_touch",
                      "levels": {
                        "min": 1
                      }
                    }
                  ]
                }
              }
            ]
          },
          {
            "type": "minecraft:item",
            "name": "spelunkery:raw_zinc_nugget",
            "functions": [
              {
                "function": "minecraft:set_count",
                "count": {
                  "type": "minecraft:uniform",
                  "min": 1,
                  "max": 4
                },
                "add": false
              },
              {
                "function": "minecraft:apply_bonus",
                "enchantment": "minecraft:fortune",
                "formula": "minecraft:ore_drops"
              },
              {
                "function": "minecraft:explosion_decay"
              }
            ]
          }
        ]
      }
    ]
  },
    {
      "rolls": 1,
      "bonus_rolls": 0,
      "entries": [
        {
          "type": "minecraft:alternatives",
          "children": [
            {
              "type": "minecraft:item",
              "name": "spelunkery:tuff_zinc_ore",
              "conditions": [
                {
                  "condition": "minecraft:match_tool",
                  "predicate": {
                    "enchantments": [
                      {
                        "enchantment": "minecraft:silk_touch",
                        "levels": {
                          "min": 1
                        }
                      }
                    ]
                  }
                }
              ]
            },
            {
              "type": "minecraft:item",
              "name": "create:raw_zinc",
              "functions": [
                {
                  "function": "minecraft:apply_bonus",
                  "enchantment": "minecraft:fortune",
                  "formula": "minecraft:ore_drops"
                },
                {
                  "function": "minecraft:explosion_decay"
                }
              ]
            }
          ]
        }
      ]
    }
  ]
}
