{
  "type": "spelunkery:block_stripe",
  "config": {
    "first_target": [
      "minecraft:netherrack"
    ],
    "first_target_placer": [
      {
        "primary_stone_type": {
          "type": "minecraft:simple_state_provider",
          "state": {
            "Name": "minecraft:netherrack"
          }
        },
        "secondary_stone_type": {
          "type": "minecraft:weighted_state_provider",
          "entries": [
            {
              "weight": 50,
              "data": {
                "Name": "minecraft:blackstone"
              }
            },
            {
              "weight": 1,
              "data": {
                "Name": "minecraft:gilded_blackstone"
              }
            }
          ]
        },
        "stone_pattern": {
          "noise_seed": 56,
          "primary_min": -0.4,
          "primary_max": 0,
          "secondary_min": 0,
          "secondary_max": 0.4,
          "vertical_scale": 0.4
        }
      },
	  {
        "primary_stone_type": {
          "type": "minecraft:simple_state_provider",
          "state": {
            "Name": "minecraft:netherrack"
          }
        },
        "secondary_stone_type": {
          "type": "minecraft:simple_state_provider",
          "state": {
            "Name": "minecraft:netherrack"
          }
        },
        "stone_pattern": {
          "noise_seed": 56,
          "primary_min": -0.4,
          "primary_max": 0,
          "secondary_min": 0,
          "secondary_max": 0.4,
          "vertical_scale": 0.4
        }
      },
	  {
        "primary_stone_type": {
          "type": "minecraft:simple_state_provider",
          "state": {
            "Name": "minecraft:netherrack"
          }
        },
        "secondary_stone_type": {
          "type": "minecraft:simple_state_provider",
          "state": {
            "Name": "create:scoria"
          }
        },
        "stone_pattern": {
          "noise_seed": 56,
          "primary_min": -0.4,
          "primary_max": 0,
          "secondary_min": 0,
          "secondary_max": 0.4,
          "vertical_scale": 0.4
        }
      },
	  {
        "primary_stone_type": {
          "type": "minecraft:simple_state_provider",
          "state": {
            "Name": "create:scoria"
          }
        },
        "secondary_stone_type": {
          "type": "minecraft:weighted_state_provider",
          "entries": [
            {
              "weight": 200,
              "data": {
                "Name": "minecraft:scorchia"
              }
            },
            {
              "weight": 1,
              "data": {
                "Name": "minecraft:ancient_debris"
              }
            }
          ]
        },
        "stone_pattern": {
          "noise_seed": 56,
          "primary_min": -0.1,
          "primary_max": 0.1,
          "secondary_min": -0.3,
          "secondary_max": 0.3,
          "vertical_scale": 1
        }
      }
    ],
    "use_second_target": false,
    "second_target": "#spelunkery:deepslate_target",
    "second_target_placer": [],
    "use_biome_filter": true,
    "biomes": "#minecraft:is_nether",
    "blank_patch_chance": 0.25,
    "use_height_filter": false,
    "surface_offset": 0,
    "bottom_offset": 0
  }
}