{
    "type": "create:sequenced_assembly",
    "ingredient": {
      "tag": "c:gold_plates"
    },
    "loops": 5,
    "results": [
      {
        "item": "create:precision_mechanism"
      }
    ],
    "sequence": [
      {
        "type": "create:deploying",
        "ingredients": [
          {
            "item": "create:incomplete_precision_mechanism"
          },
          {
            "item": "create:cogwheel"
          }
        ],
        "results": [
          {
            "item": "create:incomplete_precision_mechanism"
          }
        ]
      },
      {
        "type": "create:deploying",
        "ingredients": [
          {
            "item": "create:incomplete_precision_mechanism"
          },
          {
            "item": "create:large_cogwheel"
          }
        ],
        "results": [
          {
            "item": "create:incomplete_precision_mechanism"
          }
        ]
      },
      {
        "type": "create:deploying",
        "ingredients": [
          {
            "item": "create:incomplete_precision_mechanism"
          },
          {
            "tag": "c:iron_nuggets"
          }
        ],
        "results": [
          {
            "item": "create:incomplete_precision_mechanism"
          }
        ]
      }
    ],
    "transitionalItem": {
      "item": "create:incomplete_precision_mechanism"
    }
  }