{
    "type": "lychee:block_interacting",
    "block_in": {
      "blocks": [
        "extendedgears:large_half_shaft_cogwheel"
      ],
      "state": {
        "axis_direction": "false",
          "axis": "z"
      }
  },
  "contextual": [
    {
      "type": "and",
      "contextual": [
        {
          "type": "direction",
          "direction": "north"
        },
        {
          "type": "not",
          "contextual": {
            "type": "is_sneaking"
          }
        }
      ]
    }
  ],
    "post": [
        {
            "type": "execute",
            "command": "playsound create:wrench_remove_compounded_1 block @a ~ ~ ~"
        },
        {
            "type": "prevent_default"
        },
        {
          "type": "place",
          "block": {
            "blocks": [
                "extendedgears:large_shaftless_cogwheel"
            ],
            "state": {
              "axis": "z"
            }
          }
        }
    ],
    "item_in": {
      "item": "create:wrench"
    }
  }
  