{
  "type": "create:sequenced_assembly",
  "loops": 100,
  "ingredient": {
    "item": "minecraft:coal_block"
  },
  "transitionalItem": {
    "item": "minecraft:coal_block"
  },
  "sequence": [
    {
      "type": "create:pressing",
      "ingredients": [
        {
          "item": "minecraft:coal_block"
        }
      ],
      "results": [
        {
          "item": "minecraft:coal_block"
        }
      ]
    }
  ],
  "results": [
    {
      "item": "spelunkery:rough_diamond_shard"
    }
  ]
}