{
    "type": "minecraft:block",
    "pools": [
      {
        "rolls": 1,
        "bonus_rolls": 0,
        "entries": [
          {
            "type": "minecraft:alternatives",
            "children": [
              {
                "type": "minecraft:item",
                "name": "minecraft:gravel",
                "conditions": [
                  {
                    "condition": "minecraft:match_tool",
                    "predicate": {
                      "enchantments": [
                        {
                          "enchantment": "minecraft:silk_touch",
                          "levels": {
                            "min": 1
                          }
                        }
                      ]
                    }
                  }
                ]
              },
              {
                "type": "minecraft:alternatives",
                "children": [
                  {
                    "type": "minecraft:item",
                    "weight": 1,
                    "name": "twigs:pebble",
                    "functions": [
                      {
                        "function": "minecraft:set_count",
                        "count": {
                          "min": 1,
                          "max": 3
                        }
                      },
                      {
                        "function": "minecraft:apply_bonus",
                        "enchantment": "minecraft:fortune",
                        "formula": "minecraft:uniform_bonus_count",
                        "parameters": {
                          "bonusMultiplier": 1
                        }
                      }
                    ],
                    "conditions": [
                      {
                        "condition": "minecraft:random_chance",
                        "chance": 0.3
                      }
                    ]
                  },
                  {
                    "type": "minecraft:item",
                    "weight": 1,
                    "name": "minecraft:flint",
                    "functions": [
                      {
                        "function": "minecraft:set_count",
                        "count": {
                          "min": 1,
                          "max": 3
                        }
                      },
                      {
                        "function": "minecraft:apply_bonus",
                        "enchantment": "minecraft:fortune",
                        "formula": "minecraft:uniform_bonus_count",
                        "parameters": {
                          "bonusMultiplier": 1
                        }
                      }
                    ],
                    "conditions": [
                      {
                        "condition": "minecraft:random_chance",
                        "chance": 0.3
                      }
                    ]
                  },
                  {
                    "type": "minecraft:item",
                    "name": "minecraft:gravel"
                  }
                ],
                "conditions": [
                  {
                    "condition": "minecraft:survives_explosion"
                  }
                ]
              }
            ]
          }
        ]
      }
    ],
    "random_sequence": "minecraft:blocks/gravel"
  }
  