{
  "type": "create:sequenced_assembly",
  "ingredient": {
    "item": "ae2:certus_quartz_crystal"
  },
  "loops": 1,
  "results": [
    {
      "item": "ae2:printed_calculation_processor"
    }
  ],
  "sequence": [
    {
      "type": "create:deploying",
      "keepHeldItem": "true",
      "ingredients": [
        {
          "item": "ae2:certus_quartz_crystal"
        },
        {
          "item": "ae2:calculation_processor_press"
        }
      ],
      "results": [
        {
          "item": "ae2:printed_calculation_processor"
        }
      ]
    },
    {
      "type": "create:pressing",
      "ingredients": [
        {
          "item": "ae2:certus_quartz_crystal"
        }
      ],
      "results": [
        {
          "item": "ae2:printed_calculation_processor"
        }
      ]
    }
  ],
  "transitionalItem": {
    "item": "ae2:printed_calculation_processor"
  }
}