{
  "type": "create:sequenced_assembly",
  "ingredient": {
    "item": "ae2:logic_processor_press"
  },
  "loops": 1,
  "results": [
    {
      "item": "ae2:logic_processor_press",
      "count": 2
    }
  ],
  "sequence": [
    {
      "type": "create:filling",
      "ingredients": [
        {
          "item": "ae2:logic_processor_press"
        },
        {
          "amount": 8100,
          "fluid": "molten_metals:molten_iron"
        }
      ],
      "results": [
        {
          "item": "ae2:logic_processor_press"
        }
      ]
    },
    {
      "type": "create:pressing",
      "ingredients": [
        {
          "item": "ae2:logic_processor_press"
        }
      ],
      "results": [
        {
          "item": "ae2:logic_processor_press"
        }
      ]
    }
  ],
  "transitionalItem": {
    "item": "ae2:logic_processor_press"
  }
}