{
    "type": "create:mechanical_crafting",
    "acceptMirrored": false,
    "key": {
      "H": {
        "item": "create:brass_hand"
      },
      "L": {
        "tag": "c:brass_ingots"
      },
      "R": {
        "item": "create:precision_mechanism"
      },
      "S": {
        "item": "createaddition:brass_rod"
      }
    },
    "pattern": [
      " L ",
      " R ",
      "SSS",
      "SSS",
      " H "
    ],
    "result": {
      "item": "create:extendo_grip"
    }
  }