{
  "type": "farmersdelight:cooking",
  "cookingtime": 200,
  "experience": 0.35,
  "ingredients": [
    {
      "tag": "c:bones"
    },
    [
      {
        "item": "minecraft:glow_berries"
      },
      {
        "tag": "c:mushrooms"
      },
      {
        "item": "minecraft:hanging_roots"
      },
      {
        "item": "minecraft:glow_lichen"
      },
      {
        "item": "spelunkery:mushgloom"
      },
      {
        "item": "spelunkery:phosphor_fungus"
      },
      {
        "item": "spelunkery:tangle_roots"
      }
    ]
  ],
  "recipe_book_tab": "meals",
  "result": {
    "item": "farmersdelight:bone_broth"
  }
}