{
  "type": "farmersdelight:cooking",
  "cookingtime": 200,
  "experience": 1.0,
  "ingredients": [
    {
      "tag": "c:dough"
    },
    {
      "tag": "c:crops/cabbage"
    },
    {
      "tag": "c:crops/onion"
    },
    [
      {
        "tag": "c:raw_chicken"
      },
      {
        "tag": "c:raw_pork"
      },
      {
        "tag": "c:raw_beef"
      },
      {
        "item": "minecraft:brown_mushroom"
      },
      {
        "item": "spelunkery:portabella"
      },
      {
        "item": "spelunkery:crimini"
      },
      {
        "item": "spelunkery:button_mushroom"
      }
    ]
  ],
  "recipe_book_tab": "misc",
  "result": {
    "count": 2,
    "item": "farmersdelight:dumplings"
  }
}