{
  "type": "farmersdelight:cooking",
  "cookingtime": 200,
  "experience": 1.0,
  "ingredients": [
    [
      {
        "item": "minecraft:brown_mushroom"
      },
      {
        "item": "spelunkery:button_mushroom"
      }
    ],
    [
      {
        "item": "minecraft:red_mushroom"
      },
      {
        "item": "spelunkery:crimini"
      }
    ],
    {
      "tag": "c:crops/rice"
    },
    [
      {
        "item": "minecraft:carrot"
      },
      {
        "item": "minecraft:potato"
      }
    ]
  ],
  "recipe_book_tab": "meals",
  "result": {
    "item": "farmersdelight:mushroom_rice"
  }
}