{
  "type": "farmersdelight:cooking",
  "cookingtime": 200,
  "experience": 1.0,
  "ingredients": [
    {
      "tag": "c:pasta"
    },
    {
      "tag": "c:cooked_eggs"
    },
    {
      "item": "minecraft:dried_kelp"
    },
    [
      {
        "tag": "c:raw_pork"
      },
      {
        "item": "spelunkery:portabella"
      },
      {
        "item": "spelunkery:crimini"
      },
      {
        "item": "spelunkery:button_mushroom"
      }
    ]
  ],
  "recipe_book_tab": "meals",
  "result": {
    "item": "farmersdelight:noodle_soup"
  }
}