{
  "type": "farmersdelight:cooking",
  "cookingtime": 200,
  "experience": 1.0,
  "ingredients": [
    {
      "item": "minecraft:carrot"
    },
    [
      {
        "item": "minecraft:brown_mushroom"
      },
      {
        "item": "spelunkery:button_mushroom"
      },
      {
        "item": "spelunkery:crimini"
      },
      {
        "item": "spelunkery:portabella"
      }
    ],
    {
      "tag": "c:pasta"
    },
    {
      "tag": "c:salad_ingredients"
    },
    {
      "tag": "c:vegetables"
    }
  ],
  "recipe_book_tab": "meals",
  "result": {
    "item": "farmersdelight:vegetable_noodles"
  }
}