{
  "type": "minecraft:crafting_shapeless",
  "ingredients": [
    {
      "item": "spelunkery:charcoal_lump"
    },
    {
      "item": "spelunkery:charcoal_lump"
    },
    {
      "item": "spelunkery:charcoal_lump"
    },
    {
      "item": "spelunkery:charcoal_lump"
    },
    {
      "item": "spelunkery:charcoal_lump"
    },
    {
      "item": "spelunkery:charcoal_lump"
    },
    {
      "item": "spelunkery:charcoal_lump"
    },
    {
      "item": "spelunkery:charcoal_lump"
    },
    {
      "item": "spelunkery:charcoal_lump"
    }
  ],
  "result": {
    "item": "minecraft:charcoal"
  }
}
